id,t,weighted_ILI,unweighted_ILI,AGE_0_4,AGE_5_24,ILITOTAL,NUM_PROVIDERS,OT
0,1,0,0,0,0,0,0,0
0,2,0,0,0,0,0,0,0
0,3,0,0,0,0,0,0,0
0,4,1,0,0,0,0,0,0
0,5,1,0,0,0,0,0,0
0,6,1,1,0,0,0,0,0
0,7,1,1,0,0,0,0,0
0,8,1,0,0,0,0,0,0
0,9,1,1,0,0,0,0,0
0,10,1,0,0,0,0,0,0
1,1,1,1,0,0,0,0,0
1,2,1,1,0,0,0,0,0
1,3,1,0,0,0,0,0,0
1,4,1,1,0,0,0,0,0
1,5,1,0,0,0,0,0,0
1,6,1,0,0,0,0,0,0
1,7,1,1,0,0,0,0,0
1,8,1,1,0,0,0,0,0
1,9,1,1,0,0,0,0,0
1,10,1,1,0,0,0,0,0
2,1,1,0,0,0,0,0,0
2,2,1,1,0,0,0,0,0
2,3,1,1,0,0,0,0,0
2,4,1,1,0,0,0,0,0
2,5,1,1,0,0,0,0,0
2,6,1,1,0,0,0,0,0
2,7,1,1,0,0,0,0,0
2,8,1,1,0,1,0,0,0
2,9,1,1,0,1,0,0,0
2,10,1,1,0,1,0,0,0
3,1,1,1,0,0,0,0,0
3,2,1,1,0,0,0,0,0
3,3,1,1,0,1,0,0,0
3,4,1,1,0,1,0,0,0
3,5,1,1,0,1,0,0,0
3,6,1,1,0,1,0,0,0
3,7,1,1,0,0,0,0,0
3,8,1,1,0,0,0,0,0
3,9,1,1,0,0,0,0,0
3,10,1,1,0,0,0,0,0
4,1,1,1,0,1,0,0,0
4,2,1,1,0,0,0,0,0
4,3,1,1,0,0,0,0,0
4,4,1,1,0,0,0,0,0
4,5,1,1,0,0,0,0,0
4,6,1,0,0,0,0,0,0
4,7,0,0,0,0,0,0,0
4,8,0,0,0,0,0,0,0
4,9,0,0,0,0,0,0,0
4,10,0,0,0,0,0,0,0
5,1,1,0,0,0,0,0,0
5,2,0,0,0,0,0,0,0
5,3,0,0,0,0,0,0,0
5,4,0,0,0,0,0,0,0
5,5,0,0,0,0,0,0,0
5,6,0,0,0,0,0,0,0
5,7,0,0,0,0,0,0,0
5,8,0,0,0,0,0,0,0
5,9,0,0,0,0,0,0,0
5,10,0,0,0,0,0,0,0
6,1,0,0,0,0,0,0,0
6,2,0,0,0,0,0,0,0
6,3,0,0,0,0,0,0,0
6,4,0,0,0,0,0,0,0
6,5,0,0,0,0,0,0,0
6,6,0,0,0,0,0,0,0
6,7,0,0,0,0,0,0,0
6,8,0,0,0,0,0,0,0
6,9,0,0,0,0,0,0,0
6,10,0,0,0,0,0,0,0
7,1,0,0,0,0,0,0,0
7,2,0,0,0,0,0,0,0
7,3,0,0,0,0,0,0,0
7,4,0,0,0,0,0,0,0
7,5,0,0,0,0,0,0,0
7,6,0,0,0,0,0,0,0
7,7,0,0,0,0,0,0,0
7,8,0,0,0,0,0,0,0
7,9,0,0,0,0,0,0,0
7,10,0,0,0,0,0,0,0
8,1,0,0,0,0,0,0,0
8,2,0,0,0,0,0,0,0
8,3,0,0,0,0,0,0,0
8,4,0,0,0,0,0,0,0
8,5,0,0,0,0,0,0,0
8,6,0,0,0,0,0,0,0
8,7,0,0,0,0,0,0,0
8,8,0,0,0,0,0,0,0
8,9,0,0,0,0,0,0,0
8,10,0,0,0,0,0,0,0
9,1,0,0,0,0,0,0,0
9,2,0,0,0,0,0,0,0
9,3,0,0,0,0,0,0,0
9,4,0,0,0,0,0,0,0
9,5,0,0,0,0,0,0,0
9,6,0,0,0,0,0,0,0
9,7,0,0,0,0,0,0,0
9,8,0,0,0,0,0,0,0
9,9,0,0,0,0,0,0,0
9,10,0,0,0,0,0,0,0
10,1,0,0,0,0,0,0,0
10,2,0,0,0,0,0,0,0
10,3,0,0,0,0,0,0,0
10,4,0,0,0,0,0,0,0
10,5,0,0,0,0,0,0,0
10,6,0,0,0,0,0,0,0
10,7,1,1,0,0,0,0,0
10,8,1,1,0,0,0,0,0
10,9,1,1,0,1,0,0,0
10,10,1,1,1,1,1,0,0
11,1,0,0,0,0,0,0,0
11,2,1,1,0,0,0,0,0
11,3,1,1,0,0,0,0,0
11,4,1,1,0,1,0,0,0
11,5,1,1,1,1,1,0,0
11,6,1,1,1,1,1,0,0
11,7,1,1,1,1,1,0,0
11,8,1,1,1,1,1,0,0
11,9,1,1,1,1,1,0,0
11,10,1,1,1,1,1,0,0
12,1,1,1,1,1,1,0,0
12,2,1,1,1,1,1,0,0
12,3,1,1,1,1,1,0,0
12,4,1,1,1,1,1,0,0
12,5,1,1,1,1,1,0,0
12,6,1,1,1,0,1,0,0
12,7,1,1,0,0,0,0,0
12,8,1,1,0,0,0,0,0
12,9,1,1,0,0,0,0,0
12,10,1,1,0,0,0,0,0
13,1,1,1,1,0,1,0,0
13,2,1,1,0,0,0,0,0
13,3,1,1,0,0,0,0,0
13,4,1,1,0,0,0,0,0
13,5,1,1,0,0,0,0,0
13,6,1,1,0,0,0,0,0
13,7,0,0,0,0,0,0,0
13,8,0,0,0,0,0,0,0
13,9,0,0,0,0,0,0,0
13,10,0,0,0,0,0,0,0
14,1,1,1,0,0,0,0,0
14,2,0,0,0,0,0,0,0
14,3,0,0,0,0,0,0,0
14,4,0,0,0,0,0,0,0
14,5,0,0,0,0,0,0,0
14,6,0,0,0,0,0,0,0
14,7,0,0,0,0,0,0,0
14,8,0,0,0,0,0,0,0
14,9,0,0,0,0,0,0,0
14,10,0,0,0,0,0,0,0
15,1,0,0,0,0,0,0,0
15,2,0,0,0,0,0,0,0
15,3,0,0,0,0,0,0,0
15,4,0,0,0,0,0,0,0
15,5,0,0,0,0,0,0,0
15,6,0,0,0,0,0,0,0
15,7,0,0,0,0,0,0,0
15,8,0,0,0,0,0,0,0
15,9,0,0,0,0,0,0,0
15,10,0,0,0,0,0,0,0
16,1,0,0,0,0,0,0,0
16,2,0,0,0,0,0,0,0
16,3,0,0,0,0,0,0,0
16,4,0,0,0,0,0,0,0
16,5,0,0,0,0,0,0,0
16,6,0,0,0,0,0,0,0
16,7,0,0,0,0,0,0,0
16,8,0,0,0,0,0,0,0
16,9,0,0,0,0,0,0,0
16,10,0,0,0,0,0,0,0
17,1,0,0,0,0,0,0,0
17,2,0,0,0,0,0,0,0
17,3,0,0,0,0,0,0,0
17,4,0,0,0,0,0,0,0
17,5,0,0,0,0,0,0,0
17,6,0,0,0,0,0,0,0
17,7,0,0,0,0,0,0,0
17,8,0,0,0,0,0,0,0
17,9,0,0,0,0,0,0,0
17,10,0,0,0,0,0,0,0
18,1,0,0,0,0,0,0,0
18,2,0,0,0,0,0,0,0
18,3,0,0,0,0,0,0,0
18,4,0,0,0,0,0,0,0
18,5,0,0,0,0,0,0,0
18,6,0,0,0,0,0,0,0
18,7,0,0,0,0,0,0,0
18,8,0,0,0,0,0,0,0
18,9,0,0,0,0,0,0,0
18,10,0,0,0,0,0,0,0
19,1,0,0,0,0,0,0,0
19,2,0,0,0,0,0,0,0
19,3,0,0,0,0,0,0,0
19,4,0,0,0,0,0,0,0
19,5,0,0,0,0,0,0,0
19,6,0,0,0,0,0,0,0
19,7,0,0,0,0,0,0,0
19,8,0,0,0,0,0,0,0
19,9,0,0,0,0,0,0,0
19,10,0,0,0,0,0,0,0
20,1,0,0,0,0,0,0,0
20,2,0,0,0,0,0,0,0
20,3,0,0,0,0,0,0,0
20,4,0,0,0,0,0,0,0
20,5,0,0,0,0,0,0,0
20,6,0,0,0,0,0,0,0
20,7,0,0,0,0,0,0,0
20,8,0,0,0,0,0,0,0
20,9,0,0,0,0,0,0,0
20,10,0,0,0,0,0,0,0
21,1,0,0,0,0,0,0,0
21,2,0,0,0,0,0,0,0
21,3,0,0,0,0,0,0,0
21,4,0,0,0,0,0,0,0
21,5,0,0,0,0,0,0,0
21,6,1,0,0,0,0,0,0
21,7,1,0,0,0,0,0,0
21,8,1,1,0,0,0,0,0
21,9,1,1,0,0,0,0,0
21,10,1,1,0,0,0,0,0
22,1,1,0,0,0,0,0,0
22,2,1,0,0,0,0,0,0
22,3,1,1,0,0,0,0,0
22,4,1,1,0,0,0,0,0
22,5,1,1,0,0,0,0,0
22,6,1,1,0,0,0,0,0
22,7,1,1,0,0,0,0,0
22,8,1,1,0,0,0,0,0
22,9,1,1,0,0,0,0,0
22,10,1,1,0,0,0,0,0
23,1,1,1,0,0,0,0,0
23,2,1,1,0,0,0,0,0
23,3,1,1,0,0,0,0,0
23,4,1,1,0,0,0,0,0
23,5,1,1,0,0,0,0,0
23,6,1,1,0,1,1,0,0
23,7,1,1,1,1,1,0,0
23,8,1,1,1,1,1,0,0
23,9,1,1,1,1,1,0,0
23,10,1,1,1,1,1,0,0
24,1,1,1,0,1,1,0,0
24,2,1,1,1,1,1,0,0
24,3,1,1,1,1,1,0,0
24,4,1,1,1,1,1,0,0
24,5,1,1,1,1,1,0,0
24,6,1,1,1,1,1,0,0
24,7,1,1,1,1,1,0,0
24,8,1,1,1,1,1,0,0
24,9,1,1,0,1,1,0,0
24,10,1,1,0,0,0,0,0
25,1,1,1,1,1,1,0,0
25,2,1,1,1,1,1,0,0
25,3,1,1,1,1,1,0,0
25,4,1,1,0,1,1,0,0
25,5,1,1,0,0,0,0,0
25,6,1,1,0,0,0,0,0
25,7,1,1,0,0,0,0,0
25,8,1,1,0,0,0,0,0
25,9,0,0,0,0,0,0,0
25,10,0,0,0,0,0,0,0
26,1,1,1,0,0,0,0,0
26,2,1,1,0,0,0,0,0
26,3,1,1,0,0,0,0,0
26,4,0,0,0,0,0,0,0
26,5,0,0,0,0,0,0,0
26,6,0,0,0,0,0,0,0
26,7,0,0,0,0,0,0,0
26,8,0,0,0,0,0,0,0
26,9,0,0,0,0,0,0,0
26,10,0,0,0,0,0,0,0
27,1,0,0,0,0,0,0,0
27,2,0,0,0,0,0,0,0
27,3,0,0,0,0,0,0,0
27,4,0,0,0,0,0,0,0
27,5,0,0,0,0,0,0,0
27,6,0,0,0,0,0,0,0
27,7,0,0,0,0,0,0,0
27,8,0,0,0,0,0,0,0
27,9,0,0,0,0,0,0,0
27,10,0,0,0,0,0,0,0
28,1,0,0,0,0,0,0,0
28,2,0,0,0,0,0,0,0
28,3,0,0,0,0,0,0,0
28,4,0,0,0,0,0,0,0
28,5,0,0,0,0,0,0,0
28,6,0,0,0,0,0,0,0
28,7,0,0,0,0,0,0,0
28,8,0,0,0,0,0,0,0
28,9,0,0,0,0,0,0,0
28,10,0,0,0,0,0,0,0
29,1,0,0,0,0,0,0,0
29,2,0,0,0,0,0,0,0
29,3,0,0,0,0,0,0,0
29,4,0,0,0,0,0,0,0
29,5,0,0,0,0,0,0,0
29,6,0,0,0,0,0,0,0
29,7,0,0,0,0,0,0,0
29,8,0,0,0,0,0,0,0
29,9,0,0,0,0,0,0,0
29,10,0,0,0,0,0,0,0
30,1,0,0,0,0,0,0,0
30,2,0,0,0,0,0,0,0
30,3,0,0,0,0,0,0,0
30,4,0,0,0,0,0,0,0
30,5,0,0,0,0,0,0,0
30,6,0,0,0,0,0,0,0
30,7,0,0,0,0,0,0,0
30,8,0,0,0,0,0,0,0
30,9,0,0,0,0,0,0,0
30,10,0,0,0,0,0,0,0
31,1,0,0,0,0,0,0,0
31,2,0,0,0,0,0,0,0
31,3,0,0,0,0,0,0,0
31,4,0,0,0,0,0,0,0
31,5,0,0,0,0,0,0,0
31,6,0,0,0,0,0,0,0
31,7,1,0,0,0,0,0,0
31,8,1,0,0,0,0,0,0
31,9,1,1,0,0,0,0,0
31,10,1,1,0,0,0,0,0
32,1,0,0,0,0,0,0,0
32,2,1,0,0,0,0,0,0
32,3,1,0,0,0,0,0,0
32,4,1,1,0,0,0,0,0
32,5,1,1,0,0,0,0,0
32,6,1,1,0,0,0,0,0
32,7,1,1,0,0,0,0,0
32,8,1,1,0,0,0,0,0
32,9,1,1,1,0,0,0,0
32,10,1,1,1,0,0,0,0
33,1,1,1,0,0,0,0,0
33,2,1,1,0,0,0,0,0
33,3,1,1,0,0,0,0,0
33,4,1,1,1,0,0,0,0
33,5,1,1,1,0,0,0,0
33,6,1,1,0,0,0,0,0
33,7,1,1,0,0,0,0,0
33,8,1,1,0,0,0,0,0
33,9,1,1,1,1,1,0,0
33,10,1,1,1,1,1,0,0
34,1,1,1,0,0,0,0,0
34,2,1,1,0,0,0,0,0
34,3,1,1,0,0,0,0,0
34,4,1,1,1,1,1,0,0
34,5,1,1,1,1,1,0,0
34,6,1,1,1,1,1,0,0
34,7,1,1,1,1,1,0,0
34,8,1,1,1,1,1,0,0
34,9,1,1,1,1,1,0,0
34,10,1,1,1,1,1,0,0
35,1,1,1,1,1,1,0,0
35,2,1,1,1,1,1,0,0
35,3,1,1,1,1,1,0,0
35,4,1,1,1,1,1,0,0
35,5,1,1,1,1,1,0,0
35,6,1,1,0,1,1,0,0
35,7,1,1,0,1,0,0,0
35,8,1,1,0,1,0,0,0
35,9,1,1,0,0,0,0,0
35,10,1,0,0,0,0,0,0
36,1,1,1,0,1,1,0,0
36,2,1,1,0,1,0,0,0
36,3,1,1,0,1,0,0,0
36,4,1,1,0,0,0,0,0
36,5,1,0,0,0,0,0,0
36,6,0,0,0,0,0,0,0
36,7,0,0,0,0,0,0,0
36,8,0,0,0,0,0,0,0
36,9,0,0,0,0,0,0,0
36,10,0,0,0,0,0,0,0
37,1,0,0,0,0,0,0,0
37,2,0,0,0,0,0,0,0
37,3,0,0,0,0,0,0,0
37,4,0,0,0,0,0,0,0
37,5,0,0,0,0,0,0,0
37,6,0,0,0,0,0,0,0
37,7,0,0,0,0,0,0,0
37,8,0,0,0,0,0,0,0
37,9,0,0,0,0,0,0,0
37,10,0,0,0,0,0,0,0
38,1,0,0,0,0,0,0,0
38,2,0,0,0,0,0,0,0
38,3,0,0,0,0,0,0,0
38,4,0,0,0,0,0,0,0
38,5,0,0,0,0,0,0,0
38,6,0,0,0,0,0,0,0
38,7,0,0,0,0,0,0,0
38,8,0,0,0,0,0,0,0
38,9,0,0,0,0,0,0,0
38,10,0,0,0,0,0,0,0
39,1,0,0,0,0,0,0,0
39,2,0,0,0,0,0,0,0
39,3,0,0,0,0,0,0,0
39,4,0,0,0,0,0,0,0
39,5,0,0,0,0,0,0,0
39,6,0,0,0,0,0,0,0
39,7,0,0,0,0,0,0,0
39,8,0,0,0,0,0,0,0
39,9,0,0,0,0,0,0,0
39,10,0,0,0,0,0,0,0
40,1,0,0,0,0,0,0,0
40,2,0,0,0,0,0,0,0
40,3,0,0,0,0,0,0,0
40,4,0,0,0,0,0,0,0
40,5,0,0,0,0,0,0,0
40,6,0,0,0,0,0,0,0
40,7,0,0,0,0,0,0,0
40,8,0,0,0,0,0,0,0
40,9,0,0,0,0,0,0,0
40,10,0,0,0,0,0,0,0
41,1,0,0,0,0,0,0,0
41,2,0,0,0,0,0,0,0
41,3,0,0,0,0,0,0,0
41,4,0,0,0,0,0,0,0
41,5,0,0,0,0,0,0,0
41,6,0,0,0,0,0,0,0
41,7,0,0,0,0,0,0,0
41,8,0,0,0,0,0,0,0
41,9,0,0,0,0,0,0,0
41,10,1,0,0,0,0,0,0
42,1,0,0,0,0,0,0,0
42,2,0,0,0,0,0,0,0
42,3,0,0,0,0,0,0,0
42,4,0,0,0,0,0,0,0
42,5,1,0,0,0,0,0,0
42,6,1,1,0,0,0,0,0
42,7,1,1,0,0,0,0,0
42,8,1,1,1,0,0,0,0
42,9,1,1,1,0,0,0,0
42,10,1,1,1,1,1,0,0
43,1,1,1,0,0,0,0,0
43,2,1,1,0,0,0,0,0
43,3,1,1,1,0,0,0,0
43,4,1,1,1,0,0,0,0
43,5,1,1,1,1,1,0,0
43,6,1,1,1,1,1,0,0
43,7,1,1,1,0,0,0,0
43,8,1,1,1,0,0,0,0
43,9,1,1,0,0,0,0,0
43,10,1,1,0,0,0,0,0
44,1,1,1,1,1,1,0,0
44,2,1,1,1,0,0,0,0
44,3,1,1,1,0,0,0,0
44,4,1,1,0,0,0,0,0
44,5,1,1,0,0,0,0,0
44,6,1,1,1,1,1,0,0
44,7,1,1,1,1,1,0,0
44,8,1,1,1,1,1,0,0
44,9,1,1,1,1,1,0,0
44,10,1,1,1,1,1,0,0
45,1,1,1,1,1,1,0,0
45,2,1,1,1,1,1,0,0
45,3,1,1,1,1,1,0,0
45,4,1,1,1,1,1,0,0
45,5,1,1,1,1,1,0,0
45,6,1,1,1,1,1,0,0
45,7,1,1,1,1,1,0,0
45,8,1,1,1,1,1,0,0
45,9,1,1,0,1,0,0,0
45,10,1,1,0,0,0,0,0
46,1,1,1,1,1,1,0,0
46,2,1,1,1,1,1,0,0
46,3,1,1,1,1,1,0,0
46,4,1,1,0,1,0,0,0
46,5,1,1,0,0,0,0,0
46,6,1,1,0,0,0,0,0
46,7,1,0,0,0,0,0,0
46,8,0,0,0,0,0,0,0
46,9,0,0,0,0,0,0,0
46,10,0,0,0,0,0,0,0
47,1,1,1,0,0,0,0,0
47,2,1,0,0,0,0,0,0
47,3,0,0,0,0,0,0,0
47,4,0,0,0,0,0,0,0
47,5,0,0,0,0,0,0,0
47,6,0,0,0,0,0,0,0
47,7,0,0,0,0,0,0,0
47,8,0,0,0,0,0,0,0
47,9,0,0,0,0,0,0,0
47,10,0,0,0,0,0,0,0
48,1,0,0,0,0,0,0,0
48,2,0,0,0,0,0,0,0
48,3,0,0,0,0,0,0,0
48,4,0,0,0,0,0,0,0
48,5,0,0,0,0,0,0,0
48,6,0,0,0,0,0,0,0
48,7,0,0,0,0,0,0,0
48,8,0,0,0,0,0,0,0
48,9,0,0,0,0,0,0,0
48,10,0,0,0,0,0,0,0
49,1,0,0,0,0,0,0,0
49,2,0,0,0,0,0,0,0
49,3,0,0,0,0,0,0,0
49,4,0,0,0,0,0,0,0
49,5,0,0,0,0,0,0,0
49,6,0,0,0,0,0,0,0
49,7,0,0,0,0,0,0,0
49,8,0,0,0,0,0,0,0
49,9,0,0,0,0,0,0,0
49,10,0,0,0,0,0,0,0
50,1,0,0,0,0,0,0,0
50,2,0,0,0,0,0,0,0
50,3,0,0,0,0,0,0,0
50,4,0,0,0,0,0,0,0
50,5,0,0,0,0,0,0,0
50,6,0,0,0,0,0,0,0
50,7,0,0,0,0,0,0,0
50,8,0,0,0,0,0,0,0
50,9,0,0,0,0,0,0,0
50,10,0,0,0,0,0,0,0
51,1,0,0,0,0,0,0,0
51,2,0,0,0,0,0,0,0
51,3,0,0,0,0,0,0,0
51,4,0,0,0,0,0,0,0
51,5,0,0,0,0,0,0,0
51,6,0,0,0,0,0,0,0
51,7,0,0,0,0,0,0,0
51,8,0,0,0,0,0,0,0
51,9,0,0,1,0,0,0,0
51,10,0,0,1,0,0,0,0
52,1,0,0,0,0,0,0,0
52,2,0,0,0,0,0,0,0
52,3,0,0,0,0,0,0,0
52,4,0,0,1,0,0,0,0
52,5,0,0,1,0,0,0,0
52,6,1,1,1,0,0,0,0
52,7,1,1,1,1,0,1,0
52,8,1,1,1,1,1,1,0
52,9,1,1,1,0,0,1,0
52,10,1,1,1,0,1,1,0
53,1,1,1,1,0,0,0,0
53,2,1,1,1,1,0,1,0
53,3,1,1,1,1,1,1,0
53,4,1,1,1,0,0,1,0
53,5,1,1,1,0,1,1,0
53,6,1,1,1,0,0,0,0
53,7,1,1,1,0,0,0,0
53,8,1,1,1,0,0,0,0
53,9,1,1,1,0,0,0,0
53,10,1,1,1,0,1,0,0
54,1,1,1,1,0,0,0,0
54,2,1,1,1,0,0,0,0
54,3,1,1,1,0,0,0,0
54,4,1,1,1,0,0,0,0
54,5,1,1,1,0,1,0,0
54,6,1,1,1,1,1,1,0
54,7,1,1,1,1,1,1,0
54,8,1,1,1,1,1,1,0
54,9,1,1,1,1,1,1,0
54,10,1,1,1,1,1,1,0
55,1,1,1,1,1,1,1,0
55,2,1,1,1,1,1,1,0
55,3,1,1,1,1,1,1,0
55,4,1,1,1,1,1,1,0
55,5,1,1,1,1,1,1,0
55,6,1,1,1,1,1,1,0
55,7,1,1,1,1,1,0,0
55,8,1,1,1,1,1,0,0
55,9,1,1,1,1,1,0,0
55,10,1,1,1,1,1,0,0
56,1,1,1,1,1,1,1,0
56,2,1,1,1,1,1,0,0
56,3,1,1,1,1,1,0,0
56,4,1,1,1,1,1,0,0
56,5,1,1,1,1,1,0,0
56,6,1,1,1,1,1,0,0
56,7,1,1,1,1,1,0,0
56,8,1,1,0,0,0,0,0
56,9,0,1,0,0,0,0,0
56,10,0,0,0,0,0,0,0
57,1,1,1,1,1,1,0,0
57,2,1,1,1,1,1,0,0
57,3,1,1,0,0,0,0,0
57,4,0,1,0,0,0,0,0
57,5,0,0,0,0,0,0,0
57,6,0,0,0,0,0,0,0
57,7,0,0,0,0,0,0,0
57,8,0,0,0,0,0,0,0
57,9,0,0,0,0,0,0,0
57,10,0,0,0,0,0,0,0
58,1,0,0,0,0,0,0,0
58,2,0,0,0,0,0,0,0
58,3,0,0,0,0,0,0,0
58,4,0,0,0,0,0,0,0
58,5,0,0,0,0,0,0,0
58,6,0,0,0,0,0,0,0
58,7,0,0,0,0,0,0,0
58,8,0,0,0,0,0,0,0
58,9,0,0,0,0,0,0,0
58,10,0,0,0,0,0,0,0
59,1,0,0,0,0,0,0,0
59,2,0,0,0,0,0,0,0
59,3,0,0,0,0,0,0,0
59,4,0,0,0,0,0,0,0
59,5,0,0,0,0,0,0,0
59,6,0,0,0,0,0,0,0
59,7,0,0,0,0,0,0,0
59,8,0,0,0,0,0,0,0
59,9,0,0,0,0,0,0,0
59,10,0,0,0,0,0,0,0
60,1,0,0,0,0,0,0,0
60,2,0,0,0,0,0,0,0
60,3,0,0,0,0,0,0,0
60,4,0,0,0,0,0,0,0
60,5,0,0,0,0,0,0,0
60,6,0,0,0,0,0,0,0
60,7,0,0,0,0,0,0,0
60,8,0,0,0,0,0,0,0
60,9,0,0,0,0,0,0,0
60,10,0,0,0,0,0,0,0
61,1,0,0,0,0,0,0,0
61,2,0,0,0,0,0,0,0
61,3,0,0,0,0,0,0,0
61,4,0,0,0,0,0,0,0
61,5,0,0,0,0,0,0,0
61,6,0,0,0,0,0,0,0
61,7,0,0,0,0,0,0,0
61,8,0,0,0,0,0,0,0
61,9,0,0,0,0,0,0,0
61,10,0,0,0,0,0,0,0
62,1,0,0,0,0,0,0,0
62,2,0,0,0,0,0,0,0
62,3,0,0,0,0,0,0,0
62,4,0,0,0,0,0,0,0
62,5,0,0,0,0,0,0,0
62,6,0,0,0,0,0,1,0
62,7,0,0,0,0,0,1,0
62,8,0,0,0,0,0,1,0
62,9,0,0,0,0,0,1,0
62,10,0,0,0,0,0,1,0
63,1,0,0,0,0,0,1,0
63,2,0,0,0,0,0,1,0
63,3,0,0,0,0,0,1,0
63,4,0,0,0,0,0,1,0
63,5,0,0,0,0,0,1,0
63,6,0,0,1,0,0,1,0
63,7,0,1,1,0,0,1,0
63,8,0,1,1,0,0,1,0
63,9,0,1,1,0,0,1,0
63,10,1,1,1,0,0,0,0
64,1,0,0,1,0,0,1,0
64,2,0,1,1,0,0,1,0
64,3,0,1,1,0,0,1,0
64,4,0,1,1,0,0,1,0
64,5,1,1,1,0,0,0,0
64,6,1,1,1,0,0,0,0
64,7,1,1,1,0,0,0,0
64,8,1,1,1,0,0,1,0
64,9,1,1,1,1,1,1,0
64,10,1,1,1,1,1,1,0
65,1,1,1,1,0,0,0,0
65,2,1,1,1,0,0,0,0
65,3,1,1,1,0,0,1,0
65,4,1,1,1,1,1,1,0
65,5,1,1,1,1,1,1,0
65,6,1,1,1,1,1,1,0
65,7,1,1,1,1,1,1,1
65,8,1,1,1,1,1,1,1
65,9,1,1,1,1,1,1,1
65,10,1,1,1,1,1,1,1
66,1,1,1,1,1,1,1,0
66,2,1,1,1,1,1,1,1
66,3,1,1,1,1,1,1,1
66,4,1,1,1,1,1,1,1
66,5,1,1,1,1,1,1,1
66,6,1,1,1,1,1,1,1
66,7,1,1,1,1,1,1,1
66,8,1,1,1,1,1,0,0
66,9,1,1,1,1,1,0,0
66,10,1,1,1,1,1,0,0
67,1,1,1,1,1,1,1,1
67,2,1,1,1,1,1,1,1
67,3,1,1,1,1,1,0,0
67,4,1,1,1,1,1,0,0
67,5,1,1,1,1,1,0,0
67,6,1,1,1,1,0,0,0
67,7,0,0,0,0,0,0,0
67,8,0,0,0,0,0,0,0
67,9,1,1,1,1,1,0,1
67,10,1,1,1,1,1,0,0
68,1,1,1,1,1,0,0,0
68,2,0,0,0,0,0,0,0
68,3,0,0,0,0,0,0,0
68,4,1,1,1,1,1,0,1
68,5,1,1,1,1,1,0,0
68,6,1,1,1,1,1,0,0
68,7,1,1,1,1,1,0,0
68,8,1,1,1,1,1,0,0
68,9,1,1,1,1,1,0,0
68,10,1,1,1,1,1,0,0
69,1,1,1,1,1,1,0,0
69,2,1,1,1,1,1,0,0
69,3,1,1,1,1,1,0,0
69,4,1,1,1,1,1,0,0
69,5,1,1,1,1,1,0,0
69,6,1,1,1,1,1,0,0
69,7,1,1,0,1,0,0,0
69,8,1,1,0,0,0,0,0
69,9,1,0,0,0,0,0,0
69,10,0,0,0,0,0,0,0
70,1,1,1,1,1,1,0,0
70,2,1,1,0,1,0,0,0
70,3,1,1,0,0,0,0,0
70,4,1,0,0,0,0,0,0
70,5,0,0,0,0,0,0,0
70,6,0,0,0,0,0,0,0
70,7,0,0,0,0,0,0,0
70,8,0,0,0,0,0,0,0
70,9,0,0,0,0,0,0,0
70,10,1,1,0,1,0,0,0
71,1,0,0,0,0,0,0,0
71,2,0,0,0,0,0,0,0
71,3,0,0,0,0,0,0,0
71,4,0,0,0,0,0,0,0
71,5,1,1,0,1,0,0,0
71,6,1,1,1,1,1,0,0
71,7,1,1,1,1,1,0,0
71,8,1,1,1,1,1,0,0
71,9,1,1,1,1,1,0,1
71,10,1,1,1,1,1,0,0
72,1,1,1,1,1,1,0,0
72,2,1,1,1,1,1,0,0
72,3,1,1,1,1,1,0,0
72,4,1,1,1,1,1,0,1
72,5,1,1,1,1,1,0,0
72,6,1,1,1,1,1,0,0
72,7,1,1,1,1,1,1,1
72,8,1,1,1,1,1,1,1
72,9,1,1,1,1,1,1,1
72,10,1,1,1,1,1,1,1
73,1,1,1,1,1,1,0,0
73,2,1,1,1,1,1,1,1
73,3,1,1,1,1,1,1,1
73,4,1,1,1,1,1,1,1
73,5,1,1,1,1,1,1,1
73,6,1,1,1,1,1,1,1
73,7,1,1,1,1,1,1,1
73,8,1,1,1,1,1,1,1
73,9,1,1,1,1,1,1,1
73,10,1,1,1,1,1,1,1
74,1,1,1,1,1,1,1,1
74,2,1,1,1,1,1,1,1
74,3,1,1,1,1,1,1,1
74,4,1,1,1,1,1,1,1
74,5,1,1,1,1,1,1,1
74,6,1,1,1,1,1,1,1
74,7,1,1,1,1,1,1,1
74,8,1,1,1,1,1,1,0
74,9,1,1,1,1,1,1,0
74,10,1,1,1,1,1,1,1
75,1,1,1,1,1,1,1,1
75,2,1,1,1,1,1,1,1
75,3,1,1,1,1,1,1,0
75,4,1,1,1,1,1,1,0
75,5,1,1,1,1,1,1,1
75,6,1,1,1,1,1,1,1
75,7,1,1,1,1,1,1,1
75,8,1,1,1,1,1,1,1
75,9,1,1,1,1,1,1,1
75,10,1,1,1,1,1,1,1
76,1,1,1,1,1,1,1,1
76,2,1,1,1,1,1,1,1
76,3,1,1,1,1,1,1,1
76,4,1,1,1,1,1,1,1
76,5,1,1,1,1,1,1,1
76,6,1,1,1,1,1,1,1
76,7,1,1,1,1,1,1,1
76,8,1,1,1,1,1,1,1
76,9,1,1,1,1,1,1,1
76,10,1,1,1,1,1,1,1
77,1,1,1,1,1,1,1,1
77,2,1,1,1,1,1,1,1
77,3,1,1,1,1,1,1,1
77,4,1,1,1,1,1,1,1
77,5,1,1,1,1,1,1,1
77,6,1,1,1,1,1,1,1
77,7,1,1,1,1,1,1,1
77,8,0,0,1,0,0,1,1
77,9,0,0,1,0,0,1,1
77,10,0,0,1,0,0,1,1
78,1,1,1,1,1,1,1,1
78,2,1,1,1,1,1,1,1
78,3,0,0,1,0,0,1,1
78,4,0,0,1,0,0,1,1
78,5,0,0,1,0,0,1,1
78,6,0,0,1,0,0,1,1
78,7,0,0,1,0,0,1,1
78,8,0,0,1,0,0,1,1
78,9,0,0,1,0,0,1,1
78,10,0,0,1,0,0,0,1
79,1,0,0,1,0,0,1,1
79,2,0,0,1,0,0,1,1
79,3,0,0,1,0,0,1,1
79,4,0,0,1,0,0,1,1
79,5,0,0,1,0,0,0,1
79,6,0,0,0,0,0,0,0
79,7,0,0,0,0,0,0,0
79,8,0,0,0,0,0,0,0
79,9,0,0,0,0,0,0,0
79,10,0,0,0,0,0,0,0
80,1,0,0,0,0,0,0,0
80,2,0,0,0,0,0,0,0
80,3,0,0,0,0,0,0,0
80,4,0,0,0,0,0,0,0
80,5,0,0,0,0,0,0,0
80,6,0,0,0,0,0,0,0
80,7,0,0,0,0,0,0,0
80,8,0,0,0,0,0,0,0
80,9,0,0,0,0,0,0,0
80,10,0,0,0,0,0,0,0
81,1,0,0,0,0,0,0,0
81,2,0,0,0,0,0,0,0
81,3,0,0,0,0,0,0,0
81,4,0,0,0,0,0,0,0
81,5,0,0,0,0,0,0,0
81,6,0,0,0,0,0,0,0
81,7,0,0,0,0,0,0,0
81,8,0,0,0,0,0,0,0
81,9,0,0,0,0,0,0,0
81,10,0,0,0,0,0,0,0
82,1,0,0,0,0,0,0,0
82,2,0,0,0,0,0,0,0
82,3,0,0,0,0,0,0,0
82,4,0,0,0,0,0,0,0
82,5,0,0,0,0,0,0,0
82,6,0,0,0,0,0,0,0
82,7,0,0,0,0,0,0,1
82,8,0,0,0,0,0,0,0
82,9,0,0,1,0,0,1,1
82,10,0,0,1,1,1,1,1
83,1,0,0,0,0,0,0,0
83,2,0,0,0,0,0,0,1
83,3,0,0,0,0,0,0,0
83,4,0,0,1,0,0,1,1
83,5,0,0,1,1,1,1,1
83,6,0,0,1,1,1,1,1
83,7,0,0,1,1,1,1,1
83,8,1,1,1,1,1,1,1
83,9,1,1,1,1,1,1,1
83,10,1,1,1,1,1,1,1
84,1,0,0,1,1,1,1,1
84,2,0,0,1,1,1,1,1
84,3,1,1,1,1,1,1,1
84,4,1,1,1,1,1,1,1
84,5,1,1,1,1,1,1,1
84,6,1,1,1,1,1,1,0
84,7,1,1,1,1,1,1,1
84,8,1,1,1,1,1,1,1
84,9,1,1,1,1,1,1,1
84,10,1,1,1,1,1,1,0
85,1,1,1,1,1,1,1,0
85,2,1,1,1,1,1,1,1
85,3,1,1,1,1,1,1,1
85,4,1,1,1,1,1,1,1
85,5,1,1,1,1,1,1,0
85,6,1,1,1,1,1,1,0
85,7,1,1,1,1,1,1,1
85,8,1,1,1,1,1,1,1
85,9,1,1,1,1,1,1,1
85,10,1,1,1,1,1,1,1
86,1,1,1,1,1,1,1,0
86,2,1,1,1,1,1,1,1
86,3,1,1,1,1,1,1,1
86,4,1,1,1,1,1,1,1
86,5,1,1,1,1,1,1,1
86,6,1,1,1,1,1,1,1
86,7,1,1,1,1,1,1,1
86,8,1,1,1,1,1,1,1
86,9,1,1,1,1,1,1,1
86,10,1,1,1,1,1,1,1
87,1,1,1,1,1,1,1,1
87,2,1,1,1,1,1,1,1
87,3,1,1,1,1,1,1,1
87,4,1,1,1,1,1,1,1
87,5,1,1,1,1,1,1,1
87,6,1,1,1,1,1,1,1
87,7,1,1,1,1,1,1,1
87,8,1,1,1,1,1,1,1
87,9,1,1,1,1,1,1,1
87,10,1,1,1,1,1,1,1
88,1,1,1,1,1,1,1,1
88,2,1,1,1,1,1,1,1
88,3,1,1,1,1,1,1,1
88,4,1,1,1,1,1,1,1
88,5,1,1,1,1,1,1,1
88,6,1,0,1,1,1,1,1
88,7,0,0,1,0,0,1,1
88,8,0,0,1,0,0,1,1
88,9,0,0,0,0,0,1,1
88,10,0,0,0,0,0,1,1
89,1,1,0,1,1,1,1,1
89,2,0,0,1,0,0,1,1
89,3,0,0,1,0,0,1,1
89,4,0,0,0,0,0,1,1
89,5,0,0,0,0,0,1,1
89,6,0,0,0,0,0,1,1
89,7,0,0,0,0,0,0,0
89,8,0,0,0,0,0,0,0
89,9,0,0,0,0,0,0,0
89,10,0,0,0,0,0,0,0
90,1,0,0,0,0,0,1,1
90,2,0,0,0,0,0,0,0
90,3,0,0,0,0,0,0,0
90,4,0,0,0,0,0,0,0
90,5,0,0,0,0,0,0,0
90,6,0,0,0,0,0,0,0
90,7,0,0,0,0,0,0,0
90,8,0,0,0,0,0,0,0
90,9,0,0,0,0,0,0,0
90,10,0,0,0,0,0,0,0
91,1,0,0,0,0,0,0,0
91,2,0,0,0,0,0,0,0
91,3,0,0,0,0,0,0,0
91,4,0,0,0,0,0,0,0
91,5,0,0,0,0,0,0,0
91,6,0,0,0,0,0,0,0
91,7,0,0,0,0,0,0,0
91,8,0,0,0,0,0,0,0
91,9,0,0,0,0,0,0,0
91,10,0,0,0,0,0,0,0
92,1,0,0,0,0,0,0,0
92,2,0,0,0,0,0,0,0
92,3,0,0,0,0,0,0,0
92,4,0,0,0,0,0,0,0
92,5,0,0,0,0,0,0,0
92,6,0,0,0,0,0,0,0
92,7,0,0,0,0,0,0,0
92,8,0,0,0,0,0,0,0
92,9,0,0,0,0,0,0,0
92,10,0,0,0,0,0,0,0
93,1,0,0,0,0,0,0,0
93,2,0,0,0,0,0,0,0
93,3,0,0,0,0,0,0,0
93,4,0,0,0,0,0,0,0
93,5,0,0,0,0,0,0,0
93,6,0,0,1,1,1,1,1
93,7,0,0,1,1,1,1,1
93,8,0,0,1,1,1,1,1
93,9,0,0,1,1,1,1,1
93,10,1,1,1,1,1,1,1
94,1,0,0,1,1,1,1,1
94,2,0,0,1,1,1,1,1
94,3,0,0,1,1,1,1,1
94,4,0,0,1,1,1,1,1
94,5,1,1,1,1,1,1,1
94,6,1,1,1,1,1,1,1
94,7,1,1,1,1,1,1,1
94,8,1,1,1,1,1,1,1
94,9,0,1,1,1,1,1,1
94,10,1,1,1,1,1,1,1
95,1,1,1,1,1,1,1,1
95,2,1,1,1,1,1,1,1
95,3,1,1,1,1,1,1,1
95,4,0,1,1,1,1,1,1
95,5,1,1,1,1,1,1,1
95,6,1,1,1,1,1,1,1
95,7,1,1,1,1,1,1,1
95,8,1,1,1,0,1,1,0
95,9,1,1,1,1,1,1,1
95,10,1,1,1,1,1,1,1
96,1,1,1,1,1,1,1,1
96,2,1,1,1,1,1,1,1
96,3,1,1,1,0,1,1,0
96,4,1,1,1,1,1,1,1
96,5,1,1,1,1,1,1,1
96,6,1,1,1,1,1,1,1
96,7,1,1,1,1,1,1,1
96,8,1,1,1,1,1,1,1
96,9,1,1,1,1,1,1,1
96,10,1,1,1,1,1,1,1
97,1,1,1,1,1,1,1,1
97,2,1,1,1,1,1,1,1
97,3,1,1,1,1,1,1,1
97,4,1,1,1,1,1,1,1
97,5,1,1,1,1,1,1,1
97,6,1,1,1,1,1,1,1
97,7,1,1,1,1,1,1,1
97,8,1,1,1,1,1,1,1
97,9,1,1,1,1,1,1,1
97,10,1,1,1,1,1,1,1
98,1,1,1,1,1,1,1,1
98,2,1,1,1,1,1,1,1
98,3,1,1,1,1,1,1,1
98,4,1,1,1,1,1,1,1
98,5,1,1,1,1,1,1,1
98,6,1,1,1,1,1,1,1
98,7,1,1,1,1,1,1,1
98,8,1,1,1,1,1,1,1
98,9,1,1,1,1,1,1,1
98,10,0,0,1,1,1,1,1
99,1,1,1,1,1,1,1,1
99,2,1,1,1,1,1,1,1
99,3,1,1,1,1,1,1,1
99,4,1,1,1,1,1,1,1
99,5,0,0,1,1,1,1,1
99,6,1,0,0,1,0,1,1
99,7,0,0,0,1,0,1,1
99,8,0,0,0,0,0,1,1
99,9,0,0,0,0,0,0,0
99,10,0,0,0,0,0,0,0
100,1,1,0,0,1,0,1,1
100,2,0,0,0,1,0,1,1
100,3,0,0,0,0,0,1,1
100,4,0,0,0,0,0,0,0
100,5,0,0,0,0,0,0,0
100,6,0,0,0,0,0,0,0
100,7,0,0,0,0,0,0,0
100,8,0,0,0,0,0,0,0
100,9,0,0,0,0,0,0,0
100,10,0,0,0,0,0,0,0
101,1,0,0,0,0,0,0,0
101,2,0,0,0,0,0,0,0
101,3,0,0,0,0,0,0,0
101,4,0,0,0,0,0,0,0
101,5,0,0,0,0,0,0,0
101,6,0,0,0,0,0,0,0
101,7,0,0,0,0,0,0,0
101,8,0,0,0,0,0,0,0
101,9,0,0,0,0,0,0,0
101,10,0,0,0,0,0,0,0
102,1,0,0,0,0,0,0,0
102,2,0,0,0,0,0,0,0
102,3,0,0,0,0,0,0,0
102,4,0,0,0,0,0,0,0
102,5,0,0,0,0,0,0,0
102,6,0,0,0,0,0,0,0
102,7,0,0,0,0,0,0,0
102,8,0,0,0,0,0,0,0
102,9,0,0,0,0,0,0,0
102,10,0,0,0,0,0,0,1
103,1,0,0,0,0,0,0,0
103,2,0,0,0,0,0,0,0
103,3,0,0,0,0,0,0,0
103,4,0,0,0,0,0,0,0
103,5,0,0,0,0,0,0,1
103,6,0,0,0,0,0,0,1
103,7,0,0,0,0,0,0,1
103,8,0,0,1,1,1,1,1
103,9,0,0,1,1,1,1,1
103,10,0,0,1,1,1,1,1
104,1,0,0,0,0,0,0,1
104,2,0,0,0,0,0,0,1
104,3,0,0,1,1,1,1,1
104,4,0,0,1,1,1,1,1
104,5,0,0,1,1,1,1,1
104,6,1,0,1,1,1,1,1
104,7,1,1,1,1,1,1,1
104,8,1,1,1,1,1,1,1
104,9,1,1,1,1,1,1,1
104,10,1,1,1,1,1,1,1
105,1,1,0,1,1,1,1,1
105,2,1,1,1,1,1,1,1
105,3,1,1,1,1,1,1,1
105,4,1,1,1,1,1,1,1
105,5,1,1,1,1,1,1,1
105,6,1,1,1,1,1,1,1
105,7,1,1,1,1,1,1,1
105,8,1,1,1,1,1,1,1
105,9,1,1,1,1,1,1,1
105,10,1,1,1,1,1,1,0
106,1,1,1,1,1,1,1,1
106,2,1,1,1,1,1,1,1
106,3,1,1,1,1,1,1,1
106,4,1,1,1,1,1,1,1
106,5,1,1,1,1,1,1,0
106,6,1,1,1,1,1,1,1
106,7,1,1,1,1,1,1,1
106,8,1,1,1,1,1,1,1
106,9,1,1,1,1,1,1,1
106,10,1,1,1,1,1,1,1
107,1,1,1,1,1,1,1,1
107,2,1,1,1,1,1,1,1
107,3,1,1,1,1,1,1,1
107,4,1,1,1,1,1,1,1
107,5,1,1,1,1,1,1,1
107,6,1,1,1,1,1,1,1
107,7,1,1,1,1,1,1,1
107,8,1,1,1,1,1,1,1
107,9,1,1,1,1,1,1,1
107,10,1,1,1,1,1,1,1
108,1,1,1,1,1,1,1,1
108,2,1,1,1,1,1,1,1
108,3,1,1,1,1,1,1,1
108,4,1,1,1,1,1,1,1
108,5,1,1,1,1,1,1,1
108,6,1,1,1,1,1,1,1
108,7,1,1,1,1,1,1,1
108,8,1,1,1,1,1,1,1
108,9,1,1,1,1,1,1,1
108,10,1,1,1,1,1,1,1
109,1,1,1,1,1,1,1,1
109,2,1,1,1,1,1,1,1
109,3,1,1,1,1,1,1,1
109,4,1,1,1,1,1,1,1
109,5,1,1,1,1,1,1,1
109,6,0,0,1,1,1,1,1
109,7,0,0,1,1,0,1,1
109,8,0,0,0,0,0,1,1
109,9,0,0,0,0,0,1,1
109,10,0,0,0,0,0,1,1
110,1,0,0,1,1,1,1,1
110,2,0,0,1,1,0,1,1
110,3,0,0,0,0,0,1,1
110,4,0,0,0,0,0,1,1
110,5,0,0,0,0,0,1,1
110,6,0,0,0,0,0,0,0
110,7,0,0,0,0,0,0,0
110,8,0,0,0,0,0,0,0
110,9,0,0,0,0,0,0,0
110,10,0,0,0,0,0,0,0
111,1,0,0,0,0,0,0,0
111,2,0,0,0,0,0,0,0
111,3,0,0,0,0,0,0,0
111,4,0,0,0,0,0,0,0
111,5,0,0,0,0,0,0,0
111,6,0,0,0,0,0,0,0
111,7,0,0,0,0,0,0,0
111,8,0,0,0,0,0,0,0
111,9,0,0,0,0,0,0,0
111,10,0,0,0,0,0,0,0
112,1,0,0,0,0,0,0,0
112,2,0,0,0,0,0,0,0
112,3,0,0,0,0,0,0,0
112,4,0,0,0,0,0,0,0
112,5,0,0,0,0,0,0,0
112,6,0,0,0,0,0,0,0
112,7,0,0,0,0,0,0,0
112,8,0,0,0,0,0,0,0
112,9,0,0,0,0,0,0,0
112,10,0,0,0,0,0,0,0
113,1,0,0,0,0,0,0,0
113,2,0,0,0,0,0,0,0
113,3,0,0,0,0,0,0,0
113,4,0,0,0,0,0,0,0
113,5,0,0,0,0,0,0,0
113,6,0,0,0,0,0,0,0
113,7,0,0,0,0,0,0,0
113,8,0,0,0,0,0,0,0
113,9,0,0,0,0,0,0,1
113,10,0,0,1,1,1,1,1
114,1,0,0,0,0,0,0,0
114,2,0,0,0,0,0,0,0
114,3,0,0,0,0,0,0,0
114,4,0,0,0,0,0,0,1
114,5,0,0,1,1,1,1,1
114,6,0,0,1,1,1,1,1
114,7,0,0,1,1,1,1,1
114,8,0,1,1,1,1,1,1
114,9,1,1,1,1,1,1,1
114,10,1,1,1,1,1,1,1
115,1,0,0,1,1,1,1,1
115,2,0,0,1,1,1,1,1
115,3,0,1,1,1,1,1,1
115,4,1,1,1,1,1,1,1
115,5,1,1,1,1,1,1,1
115,6,1,1,1,1,1,1,1
115,7,1,1,1,1,1,1,1
115,8,1,1,1,1,1,1,1
115,9,1,1,1,1,1,1,1
115,10,1,1,1,1,1,1,1
116,1,1,1,1,1,1,1,1
116,2,1,1,1,1,1,1,1
116,3,1,1,1,1,1,1,1
116,4,1,1,1,1,1,1,1
116,5,1,1,1,1,1,1,1
116,6,1,1,1,1,1,1,1
116,7,1,1,1,1,1,1,0
116,8,1,1,1,1,1,1,1
116,9,1,1,1,1,1,1,1
116,10,1,1,1,1,1,1,1
117,1,1,1,1,1,1,1,1
117,2,1,1,1,1,1,1,0
117,3,1,1,1,1,1,1,1
117,4,1,1,1,1,1,1,1
117,5,1,1,1,1,1,1,1
117,6,1,1,1,1,1,1,1
117,7,1,1,1,1,1,1,1
117,8,1,1,1,1,1,1,1
117,9,1,1,1,1,1,1,1
117,10,1,1,1,1,1,1,1
118,1,1,1,1,1,1,1,1
118,2,1,1,1,1,1,1,1
118,3,1,1,1,1,1,1,1
118,4,1,1,1,1,1,1,1
118,5,1,1,1,1,1,1,1
118,6,1,1,1,1,1,1,1
118,7,1,1,1,1,1,1,1
118,8,1,1,1,1,1,1,1
118,9,1,1,1,1,1,1,1
118,10,1,1,1,1,1,1,1
119,1,1,1,1,1,1,1,1
119,2,1,1,1,1,1,1,1
119,3,1,1,1,1,1,1,1
119,4,1,1,1,1,1,1,1
119,5,1,1,1,1,1,1,1
119,6,1,1,1,1,1,1,1
119,7,1,1,1,1,1,1,1
119,8,1,1,1,1,1,1,1
119,9,1,1,1,1,1,1,1
119,10,0,0,0,1,1,1,1
120,1,1,1,1,1,1,1,1
120,2,1,1,1,1,1,1,1
120,3,1,1,1,1,1,1,1
120,4,1,1,1,1,1,1,1
120,5,0,0,0,1,1,1,1
120,6,0,0,1,1,1,1,1
120,7,0,0,0,0,1,1,1
120,8,0,0,1,0,0,1,1
120,9,0,0,0,0,0,1,1
120,10,0,0,0,0,0,0,1
121,1,0,0,1,1,1,1,1
121,2,0,0,0,0,1,1,1
121,3,0,0,1,0,0,1,1
121,4,0,0,0,0,0,1,1
121,5,0,0,0,0,0,0,1
121,6,0,0,0,0,0,0,1
121,7,0,0,0,0,0,0,0
121,8,0,0,0,0,0,0,0
121,9,0,0,0,0,0,0,0
121,10,0,0,0,0,0,0,0
122,1,0,0,0,0,0,0,1
122,2,0,0,0,0,0,0,0
122,3,0,0,0,0,0,0,0
122,4,0,0,0,0,0,0,0
122,5,0,0,0,0,0,0,0
122,6,0,0,0,0,0,0,0
122,7,0,0,0,0,0,0,0
122,8,0,0,0,0,0,0,0
122,9,0,0,0,0,0,0,0
122,10,0,0,0,0,0,0,0
123,1,0,0,0,0,0,0,0
123,2,0,0,0,0,0,0,0
123,3,0,0,0,0,0,0,0
123,4,0,0,0,0,0,0,0
123,5,0,0,0,0,0,0,0
123,6,0,0,0,0,0,0,1
123,7,0,0,0,0,0,0,1
123,8,0,0,0,0,0,0,0
123,9,0,0,0,1,0,0,1
123,10,0,0,0,1,0,0,1
124,1,0,0,0,0,0,0,1
124,2,0,0,0,0,0,0,1
124,3,0,0,0,0,0,0,0
124,4,0,0,0,1,0,0,1
124,5,0,0,0,1,0,0,1
124,6,0,0,0,1,0,0,1
124,7,0,0,1,1,1,1,1
124,8,0,0,1,1,1,1,1
124,9,0,1,1,1,1,1,1
124,10,1,1,1,1,1,1,1
125,1,0,0,0,1,0,0,1
125,2,0,0,1,1,1,1,1
125,3,0,0,1,1,1,1,1
125,4,0,1,1,1,1,1,1
125,5,1,1,1,1,1,1,1
125,6,1,1,1,1,1,1,1
125,7,1,1,1,1,1,1,1
125,8,1,1,1,1,1,1,1
125,9,1,1,1,1,1,1,1
125,10,1,1,1,1,1,1,1
126,1,1,1,1,1,1,1,1
126,2,1,1,1,1,1,1,1
126,3,1,1,1,1,1,1,1
126,4,1,1,1,1,1,1,1
126,5,1,1,1,1,1,1,1
126,6,1,1,1,1,1,1,1
126,7,1,1,1,1,1,1,1
126,8,1,1,1,1,1,1,1
126,9,1,1,1,1,1,1,1
126,10,1,1,1,1,1,1,1
127,1,1,1,1,1,1,1,1
127,2,1,1,1,1,1,1,1
127,3,1,1,1,1,1,1,1
127,4,1,1,1,1,1,1,1
127,5,1,1,1,1,1,1,1
127,6,1,1,1,1,1,1,1
127,7,1,1,1,1,1,1,1
127,8,1,1,1,1,1,1,1
127,9,1,1,1,1,1,1,1
127,10,1,1,1,1,1,1,1
128,1,1,1,1,1,1,1,1
128,2,1,1,1,1,1,1,1
128,3,1,1,1,1,1,1,1
128,4,1,1,1,1,1,1,1
128,5,1,1,1,1,1,1,1
128,6,1,1,1,1,1,1,1
128,7,1,1,1,1,1,1,1
128,8,1,1,1,1,1,1,1
128,9,1,1,1,1,1,1,1
128,10,1,1,1,1,1,1,1
129,1,1,1,1,1,1,1,1
129,2,1,1,1,1,1,1,1
129,3,1,1,1,1,1,1,1
129,4,1,1,1,1,1,1,1
129,5,1,1,1,1,1,1,1
129,6,1,1,1,1,1,1,1
129,7,1,1,1,1,1,1,1
129,8,1,1,1,1,1,1,1
129,9,1,1,1,1,1,1,1
129,10,1,1,1,1,1,1,1
130,1,1,1,1,1,1,1,1
130,2,1,1,1,1,1,1,1
130,3,1,1,1,1,1,1,1
130,4,1,1,1,1,1,1,1
130,5,1,1,1,1,1,1,1
130,6,1,1,1,1,1,1,1
130,7,1,1,1,1,1,1,1
130,8,1,1,1,1,1,1,1
130,9,0,0,1,1,1,1,1
130,10,0,0,1,1,0,1,1
131,1,1,1,1,1,1,1,1
131,2,1,1,1,1,1,1,1
131,3,1,1,1,1,1,1,1
131,4,0,0,1,1,1,1,1
131,5,0,0,1,1,0,1,1
131,6,0,0,1,0,0,1,0
131,7,0,0,0,0,0,1,0
131,8,0,0,0,0,0,0,0
131,9,0,0,0,0,0,0,0
131,10,0,0,0,0,0,0,0
132,1,0,0,1,0,0,1,0
132,2,0,0,0,0,0,1,0
132,3,0,0,0,0,0,0,0
132,4,0,0,0,0,0,0,0
132,5,0,0,0,0,0,0,0
132,6,0,0,0,0,0,0,0
132,7,0,0,0,0,0,0,0
132,8,0,0,0,0,0,0,0
132,9,0,0,0,0,0,0,0
132,10,0,0,0,0,0,0,0
133,1,0,0,0,0,0,0,0
133,2,0,0,0,0,0,0,0
133,3,0,0,0,0,0,0,0
133,4,0,0,0,0,0,0,0
133,5,0,0,0,0,0,0,0
133,6,0,0,0,0,0,0,0
133,7,0,0,0,0,0,0,0
133,8,0,0,0,0,0,0,0
133,9,0,0,0,0,0,0,1
133,10,0,0,0,0,0,0,1
134,1,0,0,0,0,0,0,0
134,2,0,0,0,0,0,0,0
134,3,0,0,0,0,0,0,0
134,4,0,0,0,0,0,0,1
134,5,0,0,0,0,0,0,1
134,6,0,0,0,0,0,0,0
134,7,0,0,0,0,0,0,1
134,8,0,0,0,0,0,0,1
134,9,0,0,0,0,0,0,1
134,10,0,0,1,1,1,1,1
135,1,0,0,0,0,0,0,0
135,2,0,0,0,0,0,0,1
135,3,0,0,0,0,0,0,1
135,4,0,0,0,0,0,0,1
135,5,0,0,1,1,1,1,1
135,6,0,0,1,1,1,1,1
135,7,0,1,1,1,1,1,1
135,8,1,1,1,1,1,1,1
135,9,1,1,1,1,1,1,1
135,10,1,1,1,1,1,1,1
136,1,0,0,1,1,1,1,1
136,2,0,1,1,1,1,1,1
136,3,1,1,1,1,1,1,1
136,4,1,1,1,1,1,1,1
136,5,1,1,1,1,1,1,1
136,6,1,1,1,1,1,1,1
136,7,1,1,1,1,1,1,1
136,8,1,1,1,1,1,1,1
136,9,1,1,1,1,1,1,1
136,10,1,1,1,1,1,1,1
137,1,1,1,1,1,1,1,1
137,2,1,1,1,1,1,1,1
137,3,1,1,1,1,1,1,1
137,4,1,1,1,1,1,1,1
137,5,1,1,1,1,1,1,1
137,6,1,1,1,1,1,1,0
137,7,1,1,1,1,1,1,1
137,8,1,1,1,1,1,1,1
137,9,1,1,1,1,1,1,1
137,10,1,1,1,1,1,1,1
138,1,1,1,1,1,1,1,0
138,2,1,1,1,1,1,1,1
138,3,1,1,1,1,1,1,1
138,4,1,1,1,1,1,1,1
138,5,1,1,1,1,1,1,1
138,6,1,1,1,1,1,1,1
138,7,1,1,1,1,1,1,1
138,8,1,1,1,1,1,1,1
138,9,1,1,1,1,1,1,1
138,10,1,1,1,1,1,1,1
139,1,1,1,1,1,1,1,1
139,2,1,1,1,1,1,1,1
139,3,1,1,1,1,1,1,1
139,4,1,1,1,1,1,1,1
139,5,1,1,1,1,1,1,1
139,6,1,1,1,1,1,1,1
139,7,1,1,1,1,1,1,1
139,8,1,1,1,1,1,1,1
139,9,1,1,1,1,1,1,1
139,10,1,1,1,1,1,1,1
140,1,1,1,1,1,1,1,1
140,2,1,1,1,1,1,1,1
140,3,1,1,1,1,1,1,1
140,4,1,1,1,1,1,1,1
140,5,1,1,1,1,1,1,1
140,6,1,1,1,1,1,1,1
140,7,1,1,1,1,1,1,1
140,8,1,1,1,1,1,1,1
140,9,1,1,1,1,1,1,1
140,10,1,1,1,1,1,1,1
141,1,1,1,1,1,1,1,1
141,2,1,1,1,1,1,1,1
141,3,1,1,1,1,1,1,1
141,4,1,1,1,1,1,1,1
141,5,1,1,1,1,1,1,1
141,6,1,1,1,1,1,1,1
141,7,0,1,1,1,1,1,1
141,8,0,1,1,0,0,0,1
141,9,0,0,0,0,0,0,0
141,10,0,0,0,0,0,0,1
142,1,1,1,1,1,1,1,1
142,2,0,1,1,1,1,1,1
142,3,0,1,1,0,0,0,1
142,4,0,0,0,0,0,0,0
142,5,0,0,0,0,0,0,1
142,6,0,0,0,0,0,0,0
142,7,0,0,0,0,0,0,0
142,8,0,0,0,0,0,0,0
142,9,0,0,0,0,0,0,0
142,10,0,0,0,0,0,0,0
143,1,0,0,0,0,0,0,0
143,2,0,0,0,0,0,0,0
143,3,0,0,0,0,0,0,0
143,4,0,0,0,0,0,0,0
143,5,0,0,0,0,0,0,0
143,6,0,0,0,0,0,0,0
143,7,0,0,0,0,0,0,0
143,8,0,0,0,0,0,0,0
143,9,0,0,0,0,0,0,0
143,10,0,0,0,0,0,0,0
144,1,0,0,0,0,0,0,0
144,2,0,0,0,0,0,0,0
144,3,0,0,0,0,0,0,0
144,4,0,0,0,0,0,0,0
144,5,0,0,0,0,0,0,0
144,6,0,0,0,0,0,0,1
144,7,0,0,0,0,0,0,0
144,8,0,0,0,0,0,0,0
144,9,0,0,0,0,0,0,1
144,10,0,0,0,1,0,0,1
145,1,0,0,0,0,0,0,1
145,2,0,0,0,0,0,0,0
145,3,0,0,0,0,0,0,0
145,4,0,0,0,0,0,0,1
145,5,0,0,0,1,0,0,1
145,6,0,0,0,1,0,0,1
145,7,0,0,1,1,1,1,1
145,8,0,0,1,1,1,1,1
145,9,0,0,1,1,1,1,1
145,10,0,1,1,1,1,1,1
146,1,0,0,0,1,0,0,1
146,2,0,0,1,1,1,1,1
146,3,0,0,1,1,1,1,1
146,4,0,0,1,1,1,1,1
146,5,0,1,1,1,1,1,1
146,6,1,1,1,1,1,1,1
146,7,1,1,1,1,1,1,1
146,8,1,1,1,1,1,1,1
146,9,1,1,1,1,1,1,1
146,10,1,1,1,1,1,1,1
147,1,1,1,1,1,1,1,1
147,2,1,1,1,1,1,1,1
147,3,1,1,1,1,1,1,1
147,4,1,1,1,1,1,1,1
147,5,1,1,1,1,1,1,1
147,6,1,1,1,1,1,1,1
147,7,1,1,1,1,1,1,1
147,8,1,1,1,1,1,1,1
147,9,1,1,1,1,1,1,1
147,10,1,1,1,1,1,1,1
148,1,1,1,1,1,1,1,1
148,2,1,1,1,1,1,1,1
148,3,1,1,1,1,1,1,1
148,4,1,1,1,1,1,1,1
148,5,1,1,1,1,1,1,1
148,6,1,1,1,1,1,1,1
148,7,1,1,1,1,1,1,1
148,8,1,1,1,1,1,1,1
148,9,1,1,1,1,1,1,1
148,10,1,1,1,1,1,1,1
149,1,1,1,1,1,1,1,1
149,2,1,1,1,1,1,1,1
149,3,1,1,1,1,1,1,1
149,4,1,1,1,1,1,1,1
149,5,1,1,1,1,1,1,1
149,6,1,1,1,1,1,1,1
149,7,1,1,1,1,1,1,1
149,8,1,1,1,1,1,1,1
149,9,1,1,1,1,1,1,1
149,10,1,1,1,1,1,1,1
150,1,1,1,1,1,1,1,1
150,2,1,1,1,1,1,1,1
150,3,1,1,1,1,1,1,1
150,4,1,1,1,1,1,1,1
150,5,1,1,1,1,1,1,1
150,6,1,1,1,1,1,1,1
150,7,1,1,1,1,1,1,1
150,8,1,1,1,1,1,1,1
150,9,1,1,1,1,1,1,1
150,10,1,1,1,1,1,1,1
151,1,1,1,1,1,1,1,1
151,2,1,1,1,1,1,1,1
151,3,1,1,1,1,1,1,1
151,4,1,1,1,1,1,1,1
151,5,1,1,1,1,1,1,1
151,6,1,1,1,1,1,1,1
151,7,1,1,1,1,1,1,1
151,8,0,0,1,1,1,1,1
151,9,0,0,1,1,1,1,1
151,10,0,0,0,0,0,1,1
152,1,1,1,1,1,1,1,1
152,2,1,1,1,1,1,1,1
152,3,0,0,1,1,1,1,1
152,4,0,0,1,1,1,1,1
152,5,0,0,0,0,0,1,1
152,6,0,0,0,0,0,1,0
152,7,0,0,0,0,0,0,1
152,8,0,0,0,0,0,0,1
152,9,0,0,0,0,0,0,1
152,10,0,0,0,0,0,0,0
153,1,0,0,0,0,0,1,0
153,2,0,0,0,0,0,0,1
153,3,0,0,0,0,0,0,1
153,4,0,0,0,0,0,0,1
153,5,0,0,0,0,0,0,0
153,6,0,0,0,0,0,0,0
153,7,0,0,0,0,0,0,0
153,8,0,0,0,0,0,0,0
153,9,0,0,0,0,0,0,0
153,10,0,0,0,0,0,0,0
154,1,0,0,0,0,0,0,0
154,2,0,0,0,0,0,0,0
154,3,0,0,0,0,0,0,0
154,4,0,0,0,0,0,0,0
154,5,0,0,0,0,0,0,0
154,6,0,0,0,0,0,0,0
154,7,0,0,0,0,0,0,0
154,8,0,0,0,0,0,0,1
154,9,0,0,0,0,0,0,1
154,10,0,0,0,0,0,0,1
155,1,0,0,0,0,0,0,0
155,2,0,0,0,0,0,0,0
155,3,0,0,0,0,0,0,1
155,4,0,0,0,0,0,0,1
155,5,0,0,0,0,0,0,1
155,6,0,0,0,0,0,0,1
155,7,0,0,0,0,0,0,1
155,8,0,0,1,0,1,0,1
155,9,0,0,1,1,1,1,1
155,10,0,0,1,1,1,1,1
156,1,0,0,0,0,0,0,1
156,2,0,0,0,0,0,0,1
156,3,0,0,1,0,1,0,1
156,4,0,0,1,1,1,1,1
156,5,0,0,1,1,1,1,1
156,6,0,1,1,1,1,1,1
156,7,1,1,1,1,1,1,1
156,8,1,1,1,1,1,1,1
156,9,1,1,1,1,1,1,1
156,10,1,1,1,1,1,1,1
157,1,0,1,1,1,1,1,1
157,2,1,1,1,1,1,1,1
157,3,1,1,1,1,1,1,1
157,4,1,1,1,1,1,1,1
157,5,1,1,1,1,1,1,1
157,6,1,1,1,1,1,1,1
157,7,1,1,1,1,1,1,1
157,8,1,1,1,1,1,1,1
157,9,1,1,1,1,1,1,1
157,10,1,1,1,1,1,1,1
158,1,1,1,1,1,1,1,1
158,2,1,1,1,1,1,1,1
158,3,1,1,1,1,1,1,1
158,4,1,1,1,1,1,1,1
158,5,1,1,1,1,1,1,1
158,6,1,1,1,1,1,1,1
158,7,1,1,1,1,1,1,1
158,8,1,1,1,1,1,1,1
158,9,1,1,1,1,1,1,1
158,10,1,1,1,1,1,1,1
159,1,1,1,1,1,1,1,1
159,2,1,1,1,1,1,1,1
159,3,1,1,1,1,1,1,1
159,4,1,1,1,1,1,1,1
159,5,1,1,1,1,1,1,1
159,6,1,1,1,1,1,1,1
159,7,1,1,1,1,1,1,1
159,8,1,1,1,1,1,1,1
159,9,1,1,1,1,1,1,1
159,10,1,1,1,1,1,1,1
160,1,1,1,1,1,1,1,1
160,2,1,1,1,1,1,1,1
160,3,1,1,1,1,1,1,1
160,4,1,1,1,1,1,1,1
160,5,1,1,1,1,1,1,1
160,6,1,1,1,1,1,1,1
160,7,1,1,1,1,1,1,1
160,8,1,1,1,1,1,1,1
160,9,1,1,1,1,1,1,1
160,10,1,1,1,1,1,1,1
161,1,1,1,1,1,1,1,1
161,2,1,1,1,1,1,1,1
161,3,1,1,1,1,1,1,1
161,4,1,1,1,1,1,1,1
161,5,1,1,1,1,1,1,1
161,6,1,1,1,1,1,1,1
161,7,1,1,1,1,1,1,1
161,8,1,1,1,1,1,1,1
161,9,1,1,1,1,1,1,1
161,10,0,0,1,1,1,1,1
162,1,1,1,1,1,1,1,1
162,2,1,1,1,1,1,1,1
162,3,1,1,1,1,1,1,1
162,4,1,1,1,1,1,1,1
162,5,0,0,1,1,1,1,1
162,6,0,0,1,1,1,1,1
162,7,0,0,1,1,1,1,1
162,8,0,0,1,0,1,1,1
162,9,0,0,1,0,0,1,1
162,10,0,0,0,0,0,1,1
163,1,0,0,1,1,1,1,1
163,2,0,0,1,1,1,1,1
163,3,0,0,1,0,1,1,1
163,4,0,0,1,0,0,1,1
163,5,0,0,0,0,0,1,1
163,6,0,0,0,0,0,1,1
163,7,0,0,0,0,0,1,1
163,8,0,0,0,0,0,1,1
163,9,0,0,0,0,0,1,1
163,10,0,0,0,0,0,1,1
164,1,0,0,0,0,0,1,1
164,2,0,0,0,0,0,1,1
164,3,0,0,0,0,0,1,1
164,4,0,0,0,0,0,1,1
164,5,0,0,0,0,0,1,1
164,6,0,0,0,0,0,1,1
164,7,0,0,0,0,0,1,1
164,8,0,0,0,0,0,1,1
164,9,0,0,0,0,0,1,1
164,10,0,0,0,0,0,1,1
165,1,0,0,0,0,0,1,1
165,2,0,0,0,0,0,1,1
165,3,0,0,0,0,0,1,1
165,4,0,0,0,0,0,1,1
165,5,0,0,0,0,0,1,1
165,6,0,0,0,0,0,1,1
165,7,0,0,1,1,1,1,1
165,8,0,0,1,1,1,1,1
165,9,0,0,1,1,1,1,1
165,10,0,0,1,1,1,1,1
166,1,0,0,0,0,0,1,1
166,2,0,0,1,1,1,1,1
166,3,0,0,1,1,1,1,1
166,4,0,0,1,1,1,1,1
166,5,0,0,1,1,1,1,1
166,6,1,1,1,1,1,1,1
166,7,1,1,1,1,1,1,1
166,8,1,1,1,1,1,1,1
166,9,1,1,1,1,1,1,1
166,10,1,1,1,1,1,1,1
167,1,1,1,1,1,1,1,1
167,2,1,1,1,1,1,1,1
167,3,1,1,1,1,1,1,1
167,4,1,1,1,1,1,1,1
167,5,1,1,1,1,1,1,1
167,6,1,1,1,1,1,1,1
167,7,1,1,1,1,1,1,1
167,8,1,1,1,1,1,1,1
167,9,1,1,1,1,1,1,1
167,10,1,1,1,1,1,1,1
168,1,1,1,1,1,1,1,1
168,2,1,1,1,1,1,1,1
168,3,1,1,1,1,1,1,1
168,4,1,1,1,1,1,1,1
168,5,1,1,1,1,1,1,1
168,6,1,1,1,1,1,1,1
168,7,1,1,1,1,1,1,1
168,8,1,1,1,1,1,1,1
168,9,1,1,1,1,1,1,1
168,10,1,1,1,1,1,1,1
169,1,1,1,1,1,1,1,1
169,2,1,1,1,1,1,1,1
169,3,1,1,1,1,1,1,1
169,4,1,1,1,1,1,1,1
169,5,1,1,1,1,1,1,1
169,6,1,1,1,1,1,1,1
169,7,1,1,1,1,1,1,1
169,8,1,1,1,1,1,1,1
169,9,1,1,1,1,1,1,1
169,10,1,1,1,1,1,1,1
170,1,1,1,1,1,1,1,1
170,2,1,1,1,1,1,1,1
170,3,1,1,1,1,1,1,1
170,4,1,1,1,1,1,1,1
170,5,1,1,1,1,1,1,1
170,6,1,1,1,1,1,1,1
170,7,1,1,1,1,1,1,1
170,8,1,1,1,1,1,1,1
170,9,1,1,1,1,1,1,1
170,10,1,1,1,1,1,1,1
171,1,1,1,1,1,1,1,1
171,2,1,1,1,1,1,1,1
171,3,1,1,1,1,1,1,1
171,4,1,1,1,1,1,1,1
171,5,1,1,1,1,1,1,1
171,6,1,1,1,1,1,1,1
171,7,1,1,1,1,1,1,1
171,8,1,1,1,1,1,1,1
171,9,1,1,1,1,1,1,1
171,10,1,1,1,1,1,1,1
172,1,1,1,1,1,1,1,1
172,2,1,1,1,1,1,1,1
172,3,1,1,1,1,1,1,1
172,4,1,1,1,1,1,1,1
172,5,1,1,1,1,1,1,1
172,6,1,1,1,1,1,1,1
172,7,1,1,1,1,1,1,1
172,8,1,1,1,1,1,1,1
172,9,1,1,1,1,1,1,1
172,10,1,1,1,1,1,1,1
173,1,1,1,1,1,1,1,1
173,2,1,1,1,1,1,1,1
173,3,1,1,1,1,1,1,1
173,4,1,1,1,1,1,1,1
173,5,1,1,1,1,1,1,1
173,6,0,0,1,1,1,1,1
173,7,0,0,1,1,1,1,1
173,8,0,0,1,1,1,1,1
173,9,0,0,1,0,1,1,1
173,10,0,0,0,0,0,1,1
174,1,0,0,1,1,1,1,1
174,2,0,0,1,1,1,1,1
174,3,0,0,1,1,1,1,1
174,4,0,0,1,0,1,1,1
174,5,0,0,0,0,0,1,1
174,6,0,0,0,0,0,1,1
174,7,0,0,0,0,0,1,1
174,8,0,0,0,0,0,1,1
174,9,0,0,0,0,0,1,1
174,10,0,0,0,0,0,1,1
175,1,0,0,0,0,0,1,1
175,2,0,0,0,0,0,1,1
175,3,0,0,0,0,0,1,1
175,4,0,0,0,0,0,1,1
175,5,0,0,0,0,0,1,1
175,6,0,0,1,0,0,1,1
175,7,0,0,1,1,1,1,1
175,8,0,0,1,1,1,1,1
175,9,0,0,1,1,1,1,1
175,10,0,0,1,1,1,1,1
176,1,0,0,1,0,0,1,1
176,2,0,0,1,1,1,1,1
176,3,0,0,1,1,1,1,1
176,4,0,0,1,1,1,1,1
176,5,0,0,1,1,1,1,1
176,6,0,1,1,1,1,1,1
176,7,0,1,1,1,1,1,1
176,8,1,1,1,1,1,1,1
176,9,1,1,1,1,1,1,1
176,10,1,1,1,1,1,1,1
177,1,0,1,1,1,1,1,1
177,2,0,1,1,1,1,1,1
177,3,1,1,1,1,1,1,1
177,4,1,1,1,1,1,1,1
177,5,1,1,1,1,1,1,1
177,6,1,1,1,1,1,1,1
177,7,1,1,1,1,1,1,1
177,8,1,1,1,1,1,1,1
177,9,1,1,1,1,1,1,1
177,10,1,1,1,1,1,1,1
178,1,1,1,1,1,1,1,1
178,2,1,1,1,1,1,1,1
178,3,1,1,1,1,1,1,1
178,4,1,1,1,1,1,1,1
178,5,1,1,1,1,1,1,1
178,6,1,1,1,1,1,1,1
178,7,1,1,1,1,1,1,1
178,8,1,1,1,1,1,1,1
178,9,1,1,1,1,1,1,1
178,10,1,1,1,1,1,1,1
179,1,1,1,1,1,1,1,1
179,2,1,1,1,1,1,1,1
179,3,1,1,1,1,1,1,1
179,4,1,1,1,1,1,1,1
179,5,1,1,1,1,1,1,1
179,6,1,1,1,1,1,1,1
179,7,1,1,1,1,1,1,1
179,8,1,1,1,1,1,1,1
179,9,1,1,1,1,1,1,1
179,10,1,1,1,1,1,1,1
180,1,1,1,1,1,1,1,1
180,2,1,1,1,1,1,1,1
180,3,1,1,1,1,1,1,1
180,4,1,1,1,1,1,1,1
180,5,1,1,1,1,1,1,1
180,6,1,1,1,1,1,1,1
180,7,1,1,1,1,1,1,1
180,8,1,1,1,1,1,1,1
180,9,1,1,1,1,1,1,1
180,10,1,1,1,1,1,1,1
181,1,1,1,1,1,1,1,1
181,2,1,1,1,1,1,1,1
181,3,1,1,1,1,1,1,1
181,4,1,1,1,1,1,1,1
181,5,1,1,1,1,1,1,1
181,6,1,1,1,1,1,1,1
181,7,1,1,1,1,1,1,1
181,8,1,1,1,1,1,1,1
181,9,1,1,0,1,1,1,1
181,10,1,1,0,1,1,1,1
182,1,1,1,1,1,1,1,1
182,2,1,1,1,1,1,1,1
182,3,1,1,1,1,1,1,1
182,4,1,1,0,1,1,1,1
182,5,1,1,0,1,1,1,1
182,6,1,1,0,0,1,1,1
182,7,1,1,0,0,1,1,1
182,8,1,1,0,0,1,1,1
182,9,0,0,0,0,1,1,1
182,10,0,0,0,0,1,1,1
183,1,1,1,0,0,1,1,1
183,2,1,1,0,0,1,1,1
183,3,1,1,0,0,1,1,1
183,4,0,0,0,0,1,1,1
183,5,0,0,0,0,1,1,1
183,6,0,0,0,0,1,1,1
183,7,0,0,0,0,1,1,1
183,8,0,0,0,0,1,1,1
183,9,0,0,0,0,1,1,1
183,10,0,0,0,0,1,1,1
184,1,0,0,0,0,1,1,1
184,2,0,0,0,0,1,1,1
184,3,0,0,0,0,1,1,1
184,4,0,0,0,0,1,1,1
184,5,0,0,0,0,1,1,1
184,6,0,0,0,1,1,1,1
184,7,0,1,0,1,1,1,1
184,8,0,1,0,1,1,1,1
184,9,0,1,0,1,1,1,1
184,10,0,0,0,1,1,1,1
185,1,0,0,0,1,1,1,1
185,2,0,1,0,1,1,1,1
185,3,0,1,0,1,1,1,1
185,4,0,1,0,1,1,1,1
185,5,0,0,0,1,1,1,1
185,6,0,0,0,1,1,1,1
185,7,0,0,0,1,1,1,1
185,8,0,0,0,0,1,1,1
185,9,0,0,0,0,1,1,1
185,10,0,0,0,1,1,1,1
186,1,0,0,0,1,1,1,1
186,2,0,0,0,1,1,1,1
186,3,0,0,0,0,1,1,1
186,4,0,0,0,0,1,1,1
186,5,0,0,0,1,1,1,1
186,6,0,0,0,1,1,1,1
186,7,0,0,0,1,1,1,1
186,8,0,0,0,1,1,1,1
186,9,0,0,0,1,1,1,1
186,10,0,0,0,1,1,1,1
187,1,0,0,0,1,1,1,1
187,2,0,0,0,1,1,1,1
187,3,0,0,0,1,1,1,1
187,4,0,0,0,1,1,1,1
187,5,0,0,0,1,1,1,1
187,6,0,0,1,1,1,1,1
187,7,0,0,0,1,1,1,1
187,8,0,0,0,1,1,1,1
187,9,0,0,0,1,1,1,1
187,10,1,0,1,1,1,1,1
188,1,0,0,1,1,1,1,1
188,2,0,0,0,1,1,1,1
188,3,0,0,0,1,1,1,1
188,4,0,0,0,1,1,1,1
188,5,1,0,1,1,1,1,1
188,6,1,1,1,1,1,1,1
188,7,1,1,1,1,1,1,1
188,8,1,1,0,1,1,1,1
188,9,1,1,1,1,1,1,1
188,10,1,1,1,1,1,1,1
189,1,1,1,1,1,1,1,1
189,2,1,1,1,1,1,1,1
189,3,1,1,0,1,1,1,1
189,4,1,1,1,1,1,1,1
189,5,1,1,1,1,1,1,1
189,6,1,1,0,1,1,1,1
189,7,1,1,0,1,1,1,1
189,8,1,1,1,1,1,1,1
189,9,1,1,0,1,1,1,1
189,10,0,0,0,1,1,1,1
190,1,1,1,0,1,1,1,1
190,2,1,1,0,1,1,1,1
190,3,1,1,1,1,1,1,1
190,4,1,1,0,1,1,1,1
190,5,0,0,0,1,1,1,1
190,6,0,0,1,1,1,1,1
190,7,0,0,1,1,1,1,1
190,8,0,0,1,1,1,1,1
190,9,0,0,1,1,1,1,1
190,10,0,0,0,0,1,1,1
191,1,0,0,1,1,1,1,1
191,2,0,0,1,1,1,1,1
191,3,0,0,1,1,1,1,1
191,4,0,0,1,1,1,1,1
191,5,0,0,0,0,1,1,1
191,6,0,0,0,1,1,1,1
191,7,0,0,1,1,1,1,1
191,8,0,0,1,1,1,1,1
191,9,0,0,1,1,1,1,1
191,10,0,0,1,1,1,1,1
